Move,Type,Category,PP,Power,Accuracy,Range,Effect
Attack Order,Bug,Physical,15,9,1,Room,High critical hit ratio.
Bug Bite,Bug,Physical,20,6,1,1,Receives the effect from the opponent's held berry.
Bug Buzz,Bug,Special,10,9,1,Burst,May lower opponent's Special Defense.
Defend Order,Bug,Status,10,,,Self,Raises user's Defense and Special Defense.
Fell Stinger,Bug,Physical,25,5,1,1,Drastically raises user's Attack if target is KO'd.
First Impression,Bug,Physical,10,9,1,1,"Although this move has great power, it only works the first turn the user is in battle."
Fury Cutter,Bug,Physical,20,4,.95,1,Power increases each turn.
Heal Order,Bug,Status,10,,,Self,User recovers half its max HP.
Infestation,Bug,Special,20,2,1,1,"Traps opponent, damaging them for 4-5 turns."
Leech Life,Bug,Physical,10,8,1,1,User recovers half the HP inflicted on opponent.
Lunge,Bug,Physical,15,8,1,2,"The user makes a lunge at the target, attacking with full force. This also lowers the target's Attack stat."
Megahorn,Bug,Physical,10,12,.85,1,—
Pin Missile,Bug,Physical,20,3,.95,10,Hits 2-5 times in one turn.
Pollen Puff,Bug,Special,15,9,1,Burst,Deals damage to opponent or restores HP of teammate.
Pounce,Bug,Physical,20,5,1,2,Lowers opponent's Speed.
Powder,Bug,Status,20,,1,Room,Damages Pokémon using Fire type moves.
Quiver Dance,Bug,Status,20,,,Self,"Raises user's Special Attack, Special Defense and Speed."
Rage Powder,Bug,Status,20,,,Self,"Forces attacks to hit user, not team-mates."
Signal Beam,Bug,Special,15,8,1,10,May confuse opponent.
Silk Trap,Bug,Status,10,,,Self,Protects the user and lowers opponent's Speed on contact.
Silver Wind,Bug,Special,5,6,1,Room,May raise all stats of user at once.
Skitter Smack,Bug,Physical,10,7,.9,1,Lowers opponent's Sp. Attack.
Spider Web,Bug,Status,10,,,5A,Opponent cannot escape/switch.
Steamroller,Bug,Physical,20,7,1,1,May cause flinching.
Sticky Web,Bug,Status,20,,,1,Lowers opponent's Speed when switching into battle.
String Shot,Bug,Status,40,,.95,10,Sharply lowers opponent's Speed.
Struggle Bug,Bug,Special,20,5,1,Burst,Lowers opponent's Special Attack.
Tail Glow,Bug,Status,20,,,Self,Drastically raises user's Special Attack.
Twineedle,Bug,Physical,20,3,1,10,Hits twice in one turn. May poison opponent.
U-turn,Bug,Physical,20,7,1,1,User switches out immediately after attacking.
X-Scissor,Bug,Physical,15,8,1,1,—
Assurance,Dark,Physical,10,6,1,1,Power doubles if opponent already took damage in the same turn.
Beat Up,Dark,Physical,10,,1,1,Each Pokémon in user's party attacks.
Bite,Dark,Physical,25,6,1,1,May cause flinching.
Brutal Swing,Dark,Physical,20,6,1,Burst,The user swings its body around violently to inflict damage on everything in its vicinity.
Ceaseless Edge,Dark,Physical,15,7,.9,1,Sets up Spikes.
Comeuppance,Dark,Physical,10,,1,1,Deals more damage to the opponent that last inflicted damage on it.
Crunch,Dark,Physical,15,8,1,1,May lower opponent's Defense.
Dark Pulse,Dark,Special,15,8,1,Burst,May cause flinching.
Dark Void,Dark,Status,10,,.5,Room,Puts all adjacent opponents to sleep.
Darkest Lariat,Dark,Physical,10,9,1,2D,Ignores opponent's stat changes.
Embargo,Dark,Status,15,,1,1,Opponent cannot use items.
Fake Tears,Dark,Status,20,,1,1,Sharply lowers opponent's Special Defense.
False Surrender,Dark,Physical,10,8,,1,Ignores Accuracy and Evasiveness.
Feint Attack,Dark,Physical,20,6,,1,Ignores Accuracy and Evasiveness.
Fiery Wrath,Dark,Special,10,9,1,1,May cause flinching.
Flatter,Dark,Status,15,,1,1,"Confuses opponent, but raises its Special Attack."
Fling,Dark,Physical,10,,1,1D,Power depends on held item.
Foul Play,Dark,Physical,15,10,1,1,Uses the opponent's Attack stat.
Hone Claws,Dark,Status,15,,,Self,Raises user's Attack and Accuracy.
Hyperspace Fury,Dark,Physical,5,10,,10,Lowers user's Defense. Can strike through Protect/Detect.
Jaw Lock,Dark,Physical,10,8,1,1,Prevents user and opponent from switching out.
Knock Off,Dark,Physical,20,7,1,1,Removes opponent's held item for the rest of the battle.
Kowtow Cleave,Dark,Physical,10,9,,1,Always hits.
Lash Out,Dark,Physical,5,8,1,1,Double power if stats were lowered during the turn.
Memento,Dark,Status,10,,1,Room,"User faints, sharply lowers opponent's Attack and Special Attack."
Nasty Plot,Dark,Status,20,,,Self,Sharply raises user's Special Attack.
Night Daze,Dark,Special,10,9,.95,Burst,May lower opponent's Accuracy.
Night Slash,Dark,Physical,15,7,1,1,High critical hit ratio.
Obstruct,Dark,Status,10,,1,Self,Protects the user and sharply lowers Defence on contact.
Parting Shot,Dark,Status,20,,1,1,Lowers opponent's Attack and Special Attack then switches out.
Payback,Dark,Physical,10,5,1,Self,Power doubles if the user was attacked first.
Power Trip,Dark,Physical,10,2,1,1,"The user boasts its strength and attacks the target. The more the user's stats are raised, the greater the move's power."
Punishment,Dark,Physical,5,,1,1,Power increases when opponent's stats have been raised.
Pursuit,Dark,Physical,20,4,1,1,Double power if the opponent is switching out.
Quash,Dark,Status,15,,1,1,Makes the target act last this turn.
Ruination,Dark,Special,10,,.9,1D,Halves the opponent's HP.
Snarl,Dark,Special,15,6,.95,Burst,Lowers opponent's Special Attack.
Snatch,Dark,Status,10,,,Self,Steals the effects of the opponent's next move.
Sucker Punch,Dark,Physical,5,7,1,2,"User attacks first, but only works if opponent is readying an attack."
Switcheroo,Dark,Status,10,,1,1,Swaps held items with the opponent.
Taunt,Dark,Status,20,,1,1,Opponent can only use moves that attack.
Thief,Dark,Physical,25,6,1,1,Also steals opponent's held item.
Throat Chop,Dark,Physical,15,8,1,1,Prevents use of sound moves for two turns.
Topsy-Turvy,Dark,Status,20,,,1,Reverses stat changes of opponent.
Torment,Dark,Status,15,,1,1,Opponent cannot use the same move in a row.
Wicked Blow,Dark,Physical,5,8,1,1,Always results in a critical hit and ignores stat changes.
Wicked Torque,Dark,Physical,10,8,1,1,May put opponent to sleep.
Breaking Swipe,Dragon,Physical,15,6,1,Burst,Hits multiple opponents and lowers their attack.
Clanging Scales,Dragon,Special,5,11,1,2,Lowers user's Defense.
Clangorous Soul,Dragon,Status,5,,1,Self,Raises all user's stats but loses HP.
Core Enforcer,Dragon,Special,10,10,1,1D,Suppresses the target's ability if the target has already moved.
Draco Meteor,Dragon,Special,5,13,.9,Room,Sharply lowers user's Special Attack.
Dragon Breath,Dragon,Special,20,6,1,10,May paralyze opponent.
Dragon Cheer,Dragon,Status,15,,,1,Raises critical hit rate by 1; raises critical hit rate by 2 is the target is a dragon type. This cannot be used on the same pokemon multiple times.
Dragon Claw,Dragon,Physical,15,8,1,1,—
Dragon Dance,Dragon,Status,20,,,Self,Raises user's Attack and Speed.
Dragon Darts,Dragon,Physical,10,5,1,2D,User attacks twice.
Dragon Energy,Dragon,Special,5,15,1,1D,"The higher the user's HP, the higher the power."
Dragon Hammer,Dragon,Physical,15,9,1,1,The user uses its body like a hammer to attack the target and inflict damage.
Dragon Pulse,Dragon,Special,10,9,1,1D,—
Dragon Rage,Dragon,Special,10,,1,1D,Always inflicts 4— HP.
Dragon Rush,Dragon,Physical,10,10,.75,1,May cause flinching.
Dragon Tail,Dragon,Physical,10,6,.9,1,"In battles, the opponent switches. In the wild, the Pokémon runs."
Dual Chop,Dragon,Physical,15,4,.9,1,Hits twice in one turn.
Dynamax Cannon,Dragon,Special,5,10,1,10P,Damage doubles if opponent is Dynamaxed.
Eternabeam,Dragon,Special,5,16,.9,10P,User can't move on the next turn.
Fickle Beam,Dragon,Special,5,8,1,10,May deal double damage.
Glaive Rush,Dragon,Physical,5,12,1,1,Attacks from opposing Pokémon during the next turn cannot miss and will inflict double damage.
Order Up,Dragon,Physical,10,8,1,1,Boosts Attack/Defense/Speed depending on ally Tatsugiri.
Outrage,Dragon,Physical,10,12,1,1,User attacks for 2-3 turns but then becomes confused.
Roar of Time,Dragon,Special,5,15,.9,Room,User must recharge next turn.
Scale Shot,Dragon,Physical,20,3,.9,2,Hits 2-5 times in one turn. Boosts user's Speed but lowers its Defense.
Spacial Rend,Dragon,Special,5,10,.95,Room,High critical hit ratio.
Twister,Dragon,Special,20,4,1,1D,May cause flinching. Hits Pokémon using Fly/Bounce with double power.
Aura Wheel,Electric,Physical,10,11,1,1,Changes type based on Morpeko's Mode.
Bolt Beak,Electric,Physical,10,9,1,1,"If the user attacks before the target, the power of this move is doubled."
Bolt Strike,Electric,Physical,5,13,.85,10P,May paralyze opponent.
Charge,Electric,Status,20,,,Self,Raises user's Special Defense and next Electric move's power increases.
Charge Beam,Electric,Special,10,5,.9,1D,May raise user's Special Attack.
Discharge,Electric,Special,15,8,1,Room,May paralyze opponent.
Double Shock,Electric,Physical,5,12,1,1,"After using this move, the user will no longer be Electric type."
Eerie Impulse,Electric,Status,15,,1,1D,Sharply lowers opponent's Special Attack.
Electric Terrain,Electric,Status,10,,,Floor,Prevents all Pokémon from falling asleep for 5 turns.
Electrify,Electric,Status,20,,,1,Changes the target's move to Electric type.
Electro Ball,Electric,Special,10,,1,1D,"The faster the user, the stronger the attack."
Electro Drift,Electric,Special,5,10,1,1,Boosted even more if it's super-effective.
Electro Shot,Electric,Special,10,13,1,10,"Charges on first turn, attacks on second."
Electroweb,Electric,Special,15,6,.95,1D,Lowers opponent's Speed.
Fusion Bolt,Electric,Physical,5,10,1,5A,Power increases if Fusion Flare is used in the same turn.
Ion Deluge,Electric,Status,25,,,Floor,Changes Normal-type moves to Electric-type.
Magnet Rise,Electric,Status,10,,,Self,User becomes immune to Ground-type moves for 5 turns.
Magnetic Flux,Electric,Status,20,,,Allies,Raises Defense and Sp. Defense of Plus/Minus Pokémon.
Nuzzle,Electric,Physical,20,2,1,1,Paralyzes opponent.
Overdrive,Electric,Special,10,8,1,Burst,Hits all adjacent opponents.
Parabolic Charge,Electric,Special,20,7,1,Burst,User recovers half the HP inflicted on opponent.
Plasma Fists,Electric,Physical,15,10,1,1,Changes Normal-type moves to Electric-type moves.
Rising Voltage,Electric,Special,20,7,1,1,Power doubles on Electric Terrain.
Shock Wave,Electric,Special,20,6,,Burst,Ignores Accuracy and Evasiveness.
Spark,Electric,Physical,20,7,1,1,May paralyze opponent.
Supercell Slam,Electric,Physical,15,10,.95,1,"If the move misses, the user takes damage instead."
Thunder,Electric,Special,10,11,.7,1,May paralyze opponent.
Thunder Cage,Electric,Special,15,8,.9,1,"Deals damage and traps opponent, damaging them for 4-5 turns."
Thunder Fang,Electric,Physical,15,7,.95,1,May cause flinching and/or paralyze opponent.
Thunder Punch,Electric,Physical,15,8,1,1,May paralyze opponent.
Thunder Shock,Electric,Special,30,4,1,1,May paralyze opponent.
Thunder Wave,Electric,Status,20,,.9,1,Paralyzes opponent.
Thunderbolt,Electric,Special,15,9,1,Burst,May paralyze opponent.
Thunderclap,Electric,Special,5,7,1,1,Strikes before a target's move.
Volt Switch,Electric,Special,20,7,1,1,User must switch out after attacking.
Volt Tackle,Electric,Physical,15,12,1,2,User receives recoil damage. May paralyze opponent.
Wild Charge,Electric,Physical,15,9,1,1,User receives recoil damage.
Wildbolt Storm,Electric,Special,10,10,.8,1,May paralyze target.
Zap Cannon,Electric,Special,5,12,.5,10,Paralyzes opponent.
Zing Zap,Electric,Physical,10,8,1,2,May cause flinching.
Alluring Voice,Fairy,Special,10,8,1,1,Confuses the target if they have any stat boosts.
Aromatic Mist,Fairy,Status,20,,,Allies,Raises Special Defense of an ally.
Baby-Doll Eyes,Fairy,Status,30,,1,1,Always goes first. Lowers the target's attack.
Charm,Fairy,Status,20,,1,1,Sharply lowers opponent's Attack.
Crafty Shield,Fairy,Status,10,,,Allies,Protects the Pokémon from status moves.
Dazzling Gleam,Fairy,Special,10,8,1,Burst,Hits all adjacent opponents.
Decorate,Fairy,Status,15,,,1D,Sharply raises target's Attack and Special Attack.
Disarming Voice,Fairy,Special,15,4,,Burst,Ignores Accuracy and Evasiveness.
Draining Kiss,Fairy,Special,10,5,1,1,User recovers most the HP inflicted on opponent.
Fairy Lock,Fairy,Status,10,,,Burst,Prevents fleeing in the next turn.
Fairy Wind,Fairy,Special,30,4,1,1,—
Fleur Cannon,Fairy,Special,5,13,.9,10,Sharply lowers user's Special Attack.
Floral Healing,Fairy,Status,10,,,1D,The user restores the target's HP by up to half of its max HP. It restores more HP when the terrain is grass.
Flower Shield,Fairy,Status,10,,,Allies,Sharply raises Defense of all Grass-type Pokémon on the field.
Geomancy,Fairy,Status,10,,,Allies,"Charges on first turn, sharply raises user's Sp. Attack, Sp. Defense and Speed on the second."
Light of Ruin,Fairy,Special,5,14,.9,1,User receives recoil damage.
Magical Torque,Fairy,Physical,10,10,1,1,May confuse the opponent.
Misty Explosion,Fairy,Special,5,10,1,Burst,Power increases on Misty Terrain.
Misty Terrain,Fairy,Status,10,,,Floor,Protects the field from status conditions for 5 turns.
Moonblast,Fairy,Special,15,10,1,1,May lower opponent's Special Attack.
Moonlight,Fairy,Status,5,,,Allies,User recovers HP. Amount varies with the weather.
Nature's Madness,Fairy,Special,10,,.9,1,Halves the foe's HP.
Play Rough,Fairy,Physical,10,9,.9,1,May lower opponent's Attack.
Spirit Break,Fairy,Physical,15,8,1,1,Lowers opponent's Special Attack.
Springtide Storm,Fairy,Special,5,10,.8,Room,"Boosts user's stats in Incarnate Forme, or lowers opponent's stats in Therian Forme."
Strange Steam,Fairy,Special,10,9,.95,2D,May confuse opponent.
Sweet Kiss,Fairy,Status,10,,.75,1,Confuses opponent.
Arm Thrust,Fighting,Physical,20,2,1,1,Hits 2-5 times in one turn.
Aura Sphere,Fighting,Special,20,8,,10,Ignores Accuracy and Evasiveness.
Axe Kick,Fighting,Physical,10,12,.9,1,"May confuse opponent. If it misses, the user loses HP."
Body Press,Fighting,Physical,10,8,1,1,"The higher the user's Defense, the stronger the attack."
Brick Break,Fighting,Physical,15,8,1,1,Breaks through Reflect and Light Screen barriers.
Bulk Up,Fighting,Status,20,,,Self,Raises user's Attack and Defense.
Circle Throw,Fighting,Physical,10,6,.9,1,"In battles, the opponent switches. In the wild, the Pokémon runs."
Close Combat,Fighting,Physical,5,12,1,1,Lowers user's Defense and Special Defense.
Coaching,Fighting,Status,10,,,1,Boosts Attack and Defense of a teammate.
Collision Course,Fighting,Physical,5,10,1,1,Boosted even more if it's super-effective.
Combat Torque,Fighting,Physical,10,10,1,1,May paralyze the opponent.
Counter,Fighting,Physical,20,,1,1,"When hit by a Physical Attack, user strikes back with 2x power."
Cross Chop,Fighting,Physical,5,10,.8,1,High critical hit ratio.
Detect,Fighting,Status,5,,,Self,"Protects the user, but may fail if used consecutively."
Double Kick,Fighting,Physical,30,3,1,1,Hits twice in one turn.
Drain Punch,Fighting,Physical,10,8,1,1,User recovers half the HP inflicted on opponent.
Dynamic Punch,Fighting,Physical,5,10,.5,1,Confuses opponent.
Final Gambit,Fighting,Special,5,,1,1,Inflicts damage equal to the user's remaining HP. User faints.
Flying Press,Fighting,Physical,10,10,.95,1,Deals Fighting and Flying type damage.
Focus Blast,Fighting,Special,5,12,.7,10,May lower opponent's Special Defense.
Focus Punch,Fighting,Physical,20,15,1,1,"If the user is hit before attacking, it flinches instead."
Force Palm,Fighting,Physical,10,6,1,1,May paralyze opponent.
Hammer Arm,Fighting,Physical,10,10,.9,1,Lowers user's Speed.
High Jump Kick,Fighting,Physical,10,13,.9,1,"If it misses, the user loses half their HP."
Jump Kick,Fighting,Physical,10,10,.95,1,"If it misses, the user loses half their HP."
Karate Chop,Fighting,Physical,25,5,1,1,High critical hit ratio.
Low Kick,Fighting,Physical,20,,1,1,"The heavier the opponent, the stronger the attack."
Low Sweep,Fighting,Physical,20,7,1,1,Lowers opponent's Speed.
Mach Punch,Fighting,Physical,30,4,1,2,User attacks first.
Mat Block,Fighting,Status,10,,,Allies,Protects teammates from damaging moves.
Meteor Assault,Fighting,Physical,5,15,1,Room,User must recharge next turn.
No Retreat,Fighting,Status,5,,,Self,Raises all stats but user cannot switch out.
Octolock,Fighting,Status,15,,1,Burst,"Lowers opponent's Defense and Special Defense every turn, and they cannot flee or switch out."
Power-Up Punch,Fighting,Physical,20,4,1,1,Raises Attack.
Quick Guard,Fighting,Status,15,,,Allies,Protects the user's team from high-priority moves.
Revenge,Fighting,Physical,10,6,1,1,Power increases if user was hit first.
Reversal,Fighting,Physical,15,,1,1,"The lower the user's HP, the higher the power."
Rock Smash,Fighting,Physical,15,4,1,1,May lower opponent's Defense.
Rolling Kick,Fighting,Physical,15,6,.85,1,May cause flinching.
Sacred Sword,Fighting,Physical,15,9,1,1,Ignores opponent's stat changes.
Secret Sword,Fighting,Special,10,9,1,1,"Inflicts damage based on the target's Defense, not Special Defense."
Seismic Toss,Fighting,Physical,20,,1,1,Inflicts damage equal to user's level.
Sky Uppercut,Fighting,Physical,15,9,.9,1,"Hits the opponent, even during Fly."
Storm Throw,Fighting,Physical,10,6,1,1,Always results in a critical hit.
Submission,Fighting,Physical,20,8,.8,1,User receives recoil damage.
Superpower,Fighting,Physical,5,12,1,1,Lowers user's Attack and Defense.
Thunderous Kick,Fighting,Physical,10,9,1,1,Lowers opponent's Defense.
Triple Arrows,Fighting,Physical,10,9,1,10,High critical hit ratio. May lower opponent's Defense or cause them to flinch.
Triple Kick,Fighting,Physical,10,1,.9,1,Hits thrice in one turn at increasing power.
Upper Hand,Fighting,Physical,15,7,1,1,Strikes before a target's priority move.
Vacuum Wave,Fighting,Special,30,4,1,2,User attacks first.
Victory Dance,Fighting,Status,10,,,Self,Raises Attack and Defense.
Vital Throw,Fighting,Physical,10,7,,1,"User attacks last, but ignores Accuracy and Evasiveness."
Wake-Up Slap,Fighting,Physical,10,7,1,1,"Power doubles if opponent is asleep, but wakes it up."
Armor Cannon,Fire,Special,5,12,1,10,Lowers user's Defense and Special Defense.
Bitter Blade,Fire,Physical,10,9,1,1,User recovers half the HP inflicted on opponent.
Blast Burn,Fire,Special,5,15,.9,Room,User must recharge next turn.
Blaze Kick,Fire,Physical,10,9,.9,1,High critical hit ratio. May burn opponent.
Blazing Torque,Fire,Physical,10,8,1,1,May burn the opponent.
Blue Flare,Fire,Special,5,13,.85,Room,May burn opponent.
Burn Up,Fire,Special,5,13,1,1D,"To inflict massive damage, the user burns itself out. After using this move, the user will no longer be Fire type."
Burning Bulwark,Fire,Status,10,,,Self,—
Burning Jealousy,Fire,Special,5,7,1,1,"Hits all opponents, and burns any that have had their stats boosted."
Ember,Fire,Special,25,4,1,2D,May burn opponent.
Eruption,Fire,Special,5,15,1,Burst,Stronger when the user's HP is higher.
Fiery Dance,Fire,Special,10,8,1,1,May raise user's Special Attack.
Fire Blast,Fire,Special,5,11,.85,1D,May burn opponent.
Fire Fang,Fire,Physical,15,7,.95,1,May cause flinching and/or burn opponent.
Fire Lash,Fire,Physical,15,8,1,2,The user strikes the target with a burning lash. This also lowers the target's Defense stat.
Fire Pledge,Fire,Special,10,8,1,1,Added effects appear if combined with Grass Pledge or Water Pledge.
Fire Punch,Fire,Physical,15,8,1,1,May burn opponent.
Fire Spin,Fire,Special,15,4,.85,1,"Traps opponent, damaging them for 4-5 turns."
Flame Burst,Fire,Special,15,7,1,10,May also injure nearby Pokémon.
Flame Charge,Fire,Physical,20,5,1,1,Raises user's Speed.
Flame Wheel,Fire,Physical,25,6,1,1,May burn opponent.
Flamethrower,Fire,Special,15,9,1,10,May burn opponent.
Flare Blitz,Fire,Physical,15,12,1,1,User receives recoil damage. May burn opponent.
Fusion Flare,Fire,Special,5,10,1,5A,Power increases if Fusion Bolt is used in the same turn.
Heat Crash,Fire,Physical,10,,1,1,"The heavier the user, the stronger the attack."
Heat Wave,Fire,Special,10,10,.9,Room,May burn opponent.
Incinerate,Fire,Special,15,6,1,1D,Destroys the target's held berry.
Inferno,Fire,Special,5,10,.5,1,Burns opponent.
Lava Plume,Fire,Special,15,8,1,Burst,May burn opponent.
Magma Storm,Fire,Special,5,10,.75,1,"Traps opponent, damaging them for 4-5 turns."
Mind Blown,Fire,Special,5,15,1,2D,User receives recoil damage.
Mystical Fire,Fire,Special,10,8,1,1,Lowers opponent's Special Attack.
Overheat,Fire,Special,5,13,.9,Burst,Sharply lowers user's Special Attack.
Pyro Ball,Fire,Physical,5,12,.9,10,May burn opponent.
Raging Fury,Fire,Physical,10,12,1,1,User attacks for 2-3 turns but then becomes confused.
Sacred Fire,Fire,Physical,5,10,.95,Room,May burn opponent.
Searing Shot,Fire,Special,5,10,1,Burst,May burn opponent.
Shell Trap,Fire,Special,5,15,1,1,Deals more damage to opponent if hit by a Physical move.
Sunny Day,Fire,Status,5,,,Floor,Makes it sunny for 5 turns.
Temper Flare,Fire,Physical,10,8,1,1,Power doubles if the last move failed.
Torch Song,Fire,Special,10,8,1,1D,Raises user's Special Attack.
V-create,Fire,Physical,5,18,.95,1,"Lowers user's Defense, Special Defense and Speed."
Will-O-Wisp,Fire,Status,15,,.85,1D,Burns opponent.
Acrobatics,Flying,Physical,15,6,1,1,Stronger when the user does not have a held item.
Aerial Ace,Flying,Physical,20,6,,1,Ignores Accuracy and Evasiveness.
Aeroblast,Flying,Special,5,10,.95,10P,High critical hit ratio.
Air Cutter,Flying,Special,25,6,.95,1,High critical hit ratio.
Air Slash,Flying,Special,15,8,.95,1,May cause flinching.
Beak Blast,Flying,Physical,15,10,1,1,"The user first heats up its beak, and then it attacks the target. Making direct contact with the Pokémon while it's heating up its beak results in a burn."
Bleakwind Storm,Flying,Special,10,10,.8,1,May lower opponent's Speed.
Bounce,Flying,Physical,5,9,.85,1,"Springs up on first turn, attacks on second. May paralyze opponent."
Brave Bird,Flying,Physical,15,12,1,1D,User receives recoil damage.
Chatter,Flying,Special,20,7,1,1,Confuses opponent.
Defog,Flying,Status,15,,,Room,Lowers opponent's Evasiveness and clears fog.
Dragon Ascent,Flying,Physical,5,12,1,5A,Lowers user's Defense and Special Defense.
Drill Peck,Flying,Physical,20,8,1,1,—
Dual Wingbeat,Flying,Physical,10,4,.9,1,The user slams the target with its wings. The target is hit twice in a row.
Feather Dance,Flying,Status,15,,1,1,Sharply lowers opponent's Attack.
Fly,Flying,Physical,15,9,.95,1,"Flies up on first turn, attacks on second turn."
Gust,Flying,Special,35,4,1,1,Hits Pokémon using Fly/Bounce/Sky Drop with double power.
Hurricane,Flying,Special,10,11,.7,1,May confuse opponent.
Mirror Move,Flying,Status,20,,,1,User performs the opponent's last move.
Oblivion Wing,Flying,Special,10,8,1,10P,User recovers most of the HP inflicted on opponent.
Peck,Flying,Physical,35,4,1,1,—
Pluck,Flying,Physical,20,6,1,1,"If the opponent is holding a berry, its effect is stolen by user."
Roost,Flying,Status,5,,,Self,User recovers half of its max HP and loses the Flying type temporarily.
Sky Attack,Flying,Physical,5,14,.9,10P,"Charges on first turn, attacks on second. May cause flinching. High critical hit ratio."
Sky Drop,Flying,Physical,10,6,1,1,"Takes opponent into the air on first turn, drops them on second turn."
Tailwind,Flying,Status,15,,,Allies,Doubles Speed for 4 turns.
Wing Attack,Flying,Physical,35,6,1,1,—
Astonish,Ghost,Physical,15,3,1,1,May cause flinching.
Astral Barrage,Ghost,Special,5,12,1,10,The user attacks by sending a frightful amount of small ghosts at opposing Pokémon.
Bitter Malice,Ghost,Special,10,8,1,1,Lowers opponent's Attack.
Confuse Ray,Ghost,Status,10,,1,1,Confuses opponent.
Curse,Ghost,Status,10,,,1/Self,"Ghosts lose 5—% of max HP and curse the opponent; Non-Ghosts raise Attack, Defense and lower Speed."
Destiny Bond,Ghost,Status,5,,,1,"If the user faints, the opponent also faints."
Grudge,Ghost,Status,5,,,Self,"If the users faints after using this move, the PP for the opponent's last move is depleted."
Hex,Ghost,Special,10,7,1,1,Inflicts more damage if the target has a status condition.
Infernal Parade,Ghost,Special,15,6,1,2,Inflicts double damage if the target has a status condition.
Last Respects,Ghost,Physical,10,5,1,1,Damages increases the more party Pokémon have been defeated.
Lick,Ghost,Physical,30,3,1,1,May paralyze opponent.
Moongeist Beam,Ghost,Special,5,10,1,2,Ignores the target's ability.
Night Shade,Ghost,Special,15,,1,Burst,Inflicts damage equal to user's level.
Nightmare,Ghost,Status,15,,1,1,The sleeping opponent loses 25% of its max HP each turn.
Ominous Wind,Ghost,Special,5,6,1,Room,May raise all user's stats at once.
Phantom Force,Ghost,Physical,10,9,1,1,"Disappears on first turn, attacks on second. Can strike through Protect/Detect."
Poltergeist,Ghost,Physical,5,11,.9,2,Fails if the target doesn’t have an item.
Rage Fist,Ghost,Physical,10,5,1,1,"The more times the user has been hit by attacks, the greater the move's power."
Shadow Ball,Ghost,Special,15,8,1,10,May lower opponent's Special Defense.
Shadow Bone,Ghost,Physical,10,9,1,2D,May lower opponent's Defense.
Shadow Claw,Ghost,Physical,15,7,1,1,High critical hit ratio.
Shadow Force,Ghost,Physical,5,12,1,10P,"Disappears on first turn, attacks on second. Can strike through Protect/Detect."
Shadow Punch,Ghost,Physical,20,6,,1,Ignores Accuracy and Evasiveness.
Shadow Sneak,Ghost,Physical,30,4,1,2,User attacks first.
Spectral Thief,Ghost,Physical,10,9,1,1D,"The user hides in the target's shadow, steals the target's stat boosts, and then attacks."
Spirit Shackle,Ghost,Physical,10,8,1,2D,Prevents the opponent from switching out.
Spite,Ghost,Status,10,,1,1,The opponent's last move loses 2-5 PP.
Trick-or-Treat,Ghost,Status,20,,1,1,Adds Ghost type to opponent.
Absorb,Grass,Special,25,2,1,1,User recovers half the HP inflicted on opponent.
Apple Acid,Grass,Special,10,8,1,10,Lowers target's Special Defense.
Aromatherapy,Grass,Status,5,,,Allies,Cures all status problems in your party.
Branch Poke,Grass,Physical,40,4,1,2,—
Bullet Seed,Grass,Physical,30,3,1,10,Hits 2-5 times in one turn.
Chloroblast,Grass,Special,5,15,.95,1,User receives recoil damage.
Cotton Guard,Grass,Status,10,,,Self,Drastically raises user's Defense.
Cotton Spore,Grass,Status,40,,1,1,Sharply lowers opponent's Speed.
Drum Beating,Grass,Physical,10,8,1,1,Lowers opponent's Speed.
Energy Ball,Grass,Special,10,9,1,10,May lower opponent's Special Defense.
Flower Trick,Grass,Physical,10,7,,1,Never misses; always results in a critical hit.
Forest's Curse,Grass,Status,20,,1,1,Adds Grass type to opponent.
Frenzy Plant,Grass,Special,5,15,.9,Room,User must recharge next turn.
Giga Drain,Grass,Special,10,8,1,1,User recovers half the HP inflicted on opponent.
Grass Knot,Grass,Special,20,,1,1,"The heavier the opponent, the stronger the attack."
Grass Pledge,Grass,Special,10,8,1,1,Added effects appear if preceded by Water Pledge or succeeded by Fire Pledge.
Grass Whistle,Grass,Status,15,,.55,1D,Puts opponent to sleep.
Grassy Glide,Grass,Physical,20,6,1,1,High priority during Grassy Terrain.
Grassy Terrain,Grass,Status,10,,,Floor,Restores a little HP of all Pokémon for 5 turns.
Grav Apple,Grass,Physical,10,8,1,1D,Lowers the opponent's Defense stat.
Horn Leech,Grass,Physical,10,8,1,1,User recovers half the HP inflicted on opponent.
Ingrain,Grass,Status,20,,,Self,User restores HP each turn. User cannot escape/switch.
Ivy Cudgel,Grass,Physical,10,10,1,1,High critical hit ratio. Type changes based on form.
Jungle Healing,Grass,Status,10,,,Allies,Restores team's HP and cures status conditions.
Leaf Blade,Grass,Physical,15,9,1,1,High critical hit ratio.
Leaf Storm,Grass,Special,5,13,.9,10,Sharply lowers user's Special Attack.
Leaf Tornado,Grass,Special,10,7,.9,1,May lower opponent's Accuracy.
Leafage,Grass,Physical,40,4,1,10,Strikes opponent with leaves.
Leech Seed,Grass,Status,10,,.9,1D,Drains HP from opponent each turn.
Magical Leaf,Grass,Special,20,6,,1D,Ignores Accuracy and Evasiveness.
Matcha Gotcha,Grass,Special,15,8,.9,10,"Deals damage, restores HP, may burn opponent."
Mega Drain,Grass,Special,15,4,1,1,User recovers half the HP inflicted on opponent.
Needle Arm,Grass,Physical,15,6,1,1,May cause flinching.
Petal Blizzard,Grass,Physical,15,9,1,Room,Hits all adjacent Pokémon.
Petal Dance,Grass,Special,10,12,1,1,User attacks for 2-3 turns but then becomes confused.
Power Whip,Grass,Physical,10,12,.85,1,—
Razor Leaf,Grass,Physical,25,6,.95,10,High critical hit ratio.
Seed Bomb,Grass,Physical,15,8,1,1D,—
Seed Flare,Grass,Special,5,12,.85,Room,May lower opponent's Special Defense.
Sleep Powder,Grass,Status,15,,.75,Burst,Puts opponent to sleep.
Snap Trap,Grass,Physical,15,4,1,1D,"Traps opponent, damaging them for 4-5 turns."
Solar Beam,Grass,Special,10,12,1,10,"Charges on first turn, attacks on second."
Solar Blade,Grass,Physical,10,13,1,1D,"Charges on first turn, attacks on second."
Spicy Extract,Grass,Status,15,,,1,Harshly lowers the opponent's Defense and sharply raises their Attack.
Spiky Shield,Grass,Status,10,,,Self,Protects the user and inflicts damage on contact.
Spore,Grass,Status,15,,1,Room,Puts opponent to sleep.
Strength Sap,Grass,Status,10,,1,2D,The user restores its HP by the same amount as the target's Attack stat. It also lowers the target's Attack stat.
Stun Spore,Grass,Status,30,,.75,Burst,Paralyzes opponent.
Synthesis,Grass,Status,5,,,Self,User recovers HP. Amount varies with the weather.
Syrup Bomb,Grass,Special,10,6,.85,10,Lowers opponent's Speed each turn for 3 turns.
Trailblaze,Grass,Physical,20,5,1,1,Raises user's Speed.
Trop Kick,Grass,Physical,15,7,1,1,Lowers opponent's Attack.
Vine Whip,Grass,Physical,25,5,1,2D,—
Wood Hammer,Grass,Physical,15,12,1,1,User receives recoil damage.
Worry Seed,Grass,Status,10,,1,10,Changes the opponent's Ability to Insomnia.
Bone Club,Ground,Physical,20,7,.85,1,May cause flinching.
Bone Rush,Ground,Physical,10,3,.9,1D,Hits 2-5 times in one turn.
Bonemerang,Ground,Physical,10,5,.9,10P,Hits twice in one turn.
Bulldoze,Ground,Physical,20,6,1,Burst,Lowers opponent's Speed.
Dig,Ground,Physical,10,8,1,1,"Digs underground on first turn, attacks on second. Can also escape from caves."
Drill Run,Ground,Physical,10,8,.95,2,High critical hit ratio.
Earth Power,Ground,Special,10,9,1,Room,May lower opponent's Special Defense.
Earthquake,Ground,Physical,10,10,1,All Room,Power is doubled if opponent is underground from using Dig.
Fissure,Ground,Physical,5,,.3,1,"One-Hit-KO, if it hits."
Headlong Rush,Ground,Physical,5,12,1,1,Lowers user's Defense.
High Horsepower,Ground,Physical,10,10,.95,1,The user fiercely attacks the target using its entire body.
Land's Wrath,Ground,Physical,10,9,1,Room,—
Magnitude,Ground,Physical,30,,1,All Room,Hits with random power.
Mud Bomb,Ground,Special,10,7,.85,1D,May lower opponent's Accuracy.
Mud Shot,Ground,Special,15,6,.95,1D,Lowers opponent's Speed.
Mud Sport,Ground,Status,15,,,Floor,Weakens the power of Electric-type moves.
Mud-Slap,Ground,Special,10,2,1,1D,Lowers opponent's Accuracy.
Precipice Blades,Ground,Physical,10,12,.85,10,Hits all adjacent opponents.
Rototiller,Ground,Status,10,,,Allies,Raises Attack and Special Attack of Grass-types.
Sand Attack,Ground,Status,15,,1,1D,Lowers opponent's Accuracy.
Sand Tomb,Ground,Physical,15,4,.85,1,"Traps opponent, damaging them for 4-5 turns."
Sandsear Storm,Ground,Special,10,10,.8,1,May burn target.
Scorching Sands,Ground,Special,10,7,1,1,May burn the target.
Shore Up,Ground,Status,5,,,Self,The user regains up to half of its max HP. It restores more HP in a sandstorm.
Spikes,Ground,Status,20,,,5A,Damages opponents switching into battle.
Stomping Tantrum,Ground,Physical,10,8,1,1,"Driven by frustration, the user attacks the target. If the user's previous move has failed, the power of this move doubles."
Thousand Arrows,Ground,Physical,10,9,1,1,Makes Flying-type Pokémon vulnerable to Ground moves.
Thousand Waves,Ground,Physical,10,9,1,1,Opponent cannot flee or switch.
Aurora Beam,Ice,Special,20,7,1,1,May lower opponent's Attack.
Aurora Veil,Ice,Status,20,,,Allies,Halves damage from Physical and Special attacks for five turns.
Avalanche,Ice,Physical,10,6,1,1,Power doubles if user took damage first.
Blizzard,Ice,Special,5,11,.7,Room,May freeze opponent.
Chilly Reception,Ice,Status,10,,,Self,Switches out and summons a snowstorm lasting 5 turns.
Freeze Shock,Ice,Physical,5,14,.9,10P,"Charges on first turn, attacks on second. May paralyze opponent."
Freeze-Dry,Ice,Special,20,7,1,1,May freeze opponent. Super-effective against Water types.
Frost Breath,Ice,Special,10,6,.9,1D,Always results in a critical hit.
Glacial Lance,Ice,Physical,5,12,1,2,The user attacks by hurling a blizzard-cloaked icicle lance at opposing Pokémon.
Glaciate,Ice,Special,10,7,.95,Room,Lowers opponent's Speed.
Hail,Ice,Status,10,,,Floor,Non-Ice types are damaged for 5 turns.
Haze,Ice,Status,30,,,Room,Resets all stat changes.
Ice Ball,Ice,Physical,20,3,.9,1,Doubles in power each turn for 5 turns.
Ice Beam,Ice,Special,10,9,1,10,May freeze opponent.
Ice Burn,Ice,Special,5,14,.9,Room,"Charges on first turn, attacks on second. May burn opponent."
Ice Fang,Ice,Physical,15,7,.95,1,May cause flinching and/or freeze opponent.
Ice Hammer,Ice,Physical,10,10,.9,1,"The user swings and hits with its strong, heavy fist. It lowers the user's Speed, however."
Ice Punch,Ice,Physical,15,8,1,1,May freeze opponent.
Ice Shard,Ice,Physical,30,4,1,2D,User attacks first.
Ice Spinner,Ice,Physical,15,8,1,1,Removes effects of Terrain.
Icicle Crash,Ice,Physical,10,9,.9,1,May cause flinching.
Icicle Spear,Ice,Physical,30,3,1,1D,Hits 2-5 times in one turn.
Icy Wind,Ice,Special,15,6,.95,10,Lowers opponent's Speed.
Mist,Ice,Status,30,,,Allies,User's stats cannot be changed for a period of time.
Mountain Gale,Ice,Physical,10,10,.85,1D,Lowers user's Speed.
Powder Snow,Ice,Special,25,4,1,1D,May freeze opponent.
Sheer Cold,Ice,Special,5,,.3,1,"One-Hit-KO, if it hits."
Snowscape,Ice,Status,10,,,Allies,Raises Defense of Ice types for 5 turns.
Triple Axel,Ice,Physical,10,2,.9,1,Attacks thrice with more power each time.
Acupressure,Normal,Status,30,,,Allies,Sharply raises a random stat.
After You,Normal,Status,15,,,Self,Gives target priority in the next turn.
Assist,Normal,Status,20,,,Self,User performs a move known by its allies at random.
Attract,Normal,Status,15,,1,1,"If opponent is the opposite gender, it's less likely to attack."
Barrage,Normal,Physical,20,2,.85,1D,Hits 2-5 times in one turn.
Baton Pass,Normal,Status,40,,,Self,User switches out and gives stat changes to the incoming Pokémon.
Belly Drum,Normal,Status,10,,,Self,"User loses 5—% of its max HP, but Attack raises to maximum."
Bestow,Normal,Status,15,,,1,Gives the user's held item to the target.
Bide,Normal,Physical,10,,,1,User takes damage for two turns then strikes back double.
Bind,Normal,Physical,20,2,.85,1,"Traps opponent, damaging them for 4-5 turns."
Block,Normal,Status,5,,,1,Opponent cannot flee or switch.
Blood Moon,Normal,Special,5,14,1,Room,Cannot be used twice in a row.
Body Slam,Normal,Physical,15,9,1,1,May paralyze opponent.
Boomburst,Normal,Special,10,14,1,All Room,Hits all adjacent Pokémon.
Camouflage,Normal,Status,20,,,Self,Changes user's type according to the location.
Captivate,Normal,Status,20,,1,1,Sharply lowers opponent's Special Attack if opposite gender.
Celebrate,Normal,Status,40,,,1,The Pokémon congratulates you on your special day. No battle effect.
Chip Away,Normal,Physical,20,7,1,1,Ignores opponent's stat changes.
Comet Punch,Normal,Physical,15,2,.85,1,Hits 2-5 times in one turn.
Confide,Normal,Status,20,,,1,Lowers opponent's Special Attack.
Constrict,Normal,Physical,35,1,1,1,May lower opponent's Speed by one stage.
Conversion,Normal,Status,30,,,1,Changes user's type to that of its first move.
Conversion 2,Normal,Status,30,,,1,User changes type to become resistant to opponent's last move.
Copycat,Normal,Status,20,,,1,Copies opponent's last move.
Court Change,Normal,Status,10,,1,1,Swaps the effects on either side of the field.
Covet,Normal,Physical,25,6,1,1,Opponent's item is stolen by the user.
Crush Claw,Normal,Physical,10,8,.95,1,May lower opponent's Defense.
Crush Grip,Normal,Physical,5,,1,1,More powerful when opponent has higher HP.
Cut,Normal,Physical,30,5,.95,Burst,—
Defense Curl,Normal,Status,40,,,Self,Raises user's Defense.
Disable,Normal,Status,20,,1,1,Opponent can't use its last attack for a few turns.
Dizzy Punch,Normal,Physical,10,7,1,1,May confuse opponent.
Doodle,Normal,Status,10,,1,1,Changes the abilities of the user and its teammates to that of the target.
Double Hit,Normal,Physical,10,4,.9,1,Hits twice in one turn.
Double Slap,Normal,Physical,10,2,.85,1,Hits 2-5 times in one turn.
Double Team,Normal,Status,15,,,Self,Raises user's Evasiveness.
Double-Edge,Normal,Physical,15,12,1,1,User receives recoil damage.
Echoed Voice,Normal,Special,15,4,1,Burst,Power increases each turn.
Egg Bomb,Normal,Physical,10,10,.75,1D,—
Encore,Normal,Status,5,,1,1,Forces opponent to keep using its last move for 3 turns.
Endeavor,Normal,Physical,5,,1,1,Reduces opponent's HP to same as user's.
Endure,Normal,Status,10,,,Self,"Always left with at least 1 HP, but may fail if used consecutively."
Entrainment,Normal,Status,15,,1,1,Makes target's ability same as user's.
Explosion,Normal,Physical,5,25,1,Burst 2,User faints.
Extreme Speed,Normal,Physical,5,8,1,2,User attacks first.
Facade,Normal,Physical,20,7,1,1,"Power doubles if user is burned, poisoned, or paralyzed."
Fake Out,Normal,Physical,10,4,1,2,"User attacks first, foe flinches. Only usable on first turn."
False Swipe,Normal,Physical,40,4,1,1,Always leaves opponent with at least 1 HP.
Feint,Normal,Physical,10,3,1,2,Only hits if opponent uses Protect or Detect in the same turn.
Fillet Away,Normal,Status,10,,,Self,"Lowers HP but sharply boosts Attack, Special Attack, and Speed."
Flail,Normal,Physical,15,,1,1,"The lower the user's HP, the higher the power."
Flash,Normal,Status,20,,1,1,Lowers opponent's Accuracy.
Focus Energy,Normal,Status,30,,,Self,Increases critical hit ratio.
Follow Me,Normal,Status,20,,,Self,"In Double Battle, the user takes all the attacks."
Foresight,Normal,Status,40,,,1,"Resets opponent's Evasiveness, and allows Normal- and Fighting-type attacks to hit Ghosts."
Frustration,Normal,Physical,20,,1,1,Power decreases with higher Friendship.
Fury Attack,Normal,Physical,20,2,.85,1,Hits 2-5 times in one turn.
Fury Swipes,Normal,Physical,15,2,.8,1,Hits 2-5 times in one turn.
Giga Impact,Normal,Physical,5,15,.9,1,User must recharge next turn.
Glare,Normal,Status,30,,1,1,Paralyzes opponent.
Growl,Normal,Status,40,,1,Room,Lowers opponent's Attack.
Growth,Normal,Status,20,,,Self,Raises user's Attack and Special Attack.
Guillotine,Normal,Physical,5,,.3,1,"One-Hit-KO, if it hits."
Happy Hour,Normal,Status,30,,,1,Doubles prize money from trainer battles.
Harden,Normal,Status,30,,,Self,Raises user's Defense.
Head Charge,Normal,Physical,15,12,1,1,User receives recoil damage.
Headbutt,Normal,Physical,15,7,1,1,May cause flinching.
Heal Bell,Normal,Status,5,,,Allies,Heals the user's party's status conditions.
Helping Hand,Normal,Status,20,,,Allies,"In Double Battles, boosts the power of the partner's move."
Hidden Power,Normal,Special,15,6,1,1,Type and power depends on user's IVs.
Hold Back,Normal,Physical,40,4,1,1,Always leaves opponent with at least 1 HP.
Hold Hands,Normal,Status,40,,,1,Makes the user and an ally very happy.
Horn Attack,Normal,Physical,25,7,1,1,—
Horn Drill,Normal,Physical,5,,.3,1,"One-Hit-KO, if it hits."
Howl,Normal,Status,40,,,Self,Raises Attack of allies.
Hyper Beam,Normal,Special,5,15,.9,10,User must recharge next turn.
Hyper Drill,Normal,Physical,5,10,1,1D,Can strike through Protect/Detect.
Hyper Fang,Normal,Physical,15,8,.9,1,May cause flinching.
Hyper Voice,Normal,Special,10,9,1,Burst,—
Judgment,Normal,Special,10,10,1,Room,Type depends on the Arceus Plate being held.
Laser Focus,Normal,Status,30,,,Self,User's next attack is guaranteed to result in a critical hit.
Last Resort,Normal,Physical,5,14,1,1,Can only be used after all other moves are used.
Leer,Normal,Status,30,,1,1,Lowers opponent's Defense.
Lock-On,Normal,Status,5,,,Self,User's next attack is guaranteed to hit.
Lovely Kiss,Normal,Status,10,,.75,1,Puts opponent to sleep.
Lucky Chant,Normal,Status,30,,,Allies,Opponent cannot land critical hits for 5 turns.
Max Guard,Normal,Status,10,,,Self,Status category Dynamax move. Protects the user.
Me First,Normal,Status,20,,,1,User copies the opponent's attack with 1.5× power.
Mean Look,Normal,Status,5,,,1,Opponent cannot flee or switch.
Mega Kick,Normal,Physical,5,12,.75,1,—
Mega Punch,Normal,Physical,20,8,.85,1,—
Metronome,Normal,Status,10,,,Self,User performs almost any move in the game at random.
Milk Drink,Normal,Status,5,,,Allies,User recovers half its max HP.
Mimic,Normal,Status,10,,,1,Copies the opponent's last move.
Mind Reader,Normal,Status,5,,,Self,User's next attack is guaranteed to hit.
Minimize,Normal,Status,10,,,Self,Sharply raises user's Evasiveness.
Morning Sun,Normal,Status,5,,,Allies,User recovers HP. Amount varies with the weather.
Multi-Attack,Normal,Physical,10,12,1,1,Type matches Memory item held.
Natural Gift,Normal,Physical,15,,1,1,Power and type depend on the user's held berry.
Nature Power,Normal,Status,20,,,Self,Uses a certain move based on the current terrain.
Noble Roar,Normal,Status,30,,1,1,Lowers opponent's Attack and Special Attack.
Odor Sleuth,Normal,Status,40,,,Room,"Resets opponent's Evasiveness, and allows Normal- and Fighting-type attacks to hit Ghosts."
Pain Split,Normal,Status,20,,,1,The user's and opponent's HP becomes the average of both.
Pay Day,Normal,Physical,20,4,1,1D,Money is earned after the battle.
Perish Song,Normal,Status,5,,,Floor,Any Pokémon in play when this attack is used faints in 3 turns.
Play Nice,Normal,Status,20,,,1,Lowers opponent's Attack. Always hits.
Population Bomb,Normal,Physical,10,2,.9,1D,Hits 1-10 times in a row.
Pound,Normal,Physical,35,4,1,1,—
Power Shift,Normal,Status,10,,,Self,Switches Attack and Defense stats.
Present,Normal,Physical,15,,.9,1D,Either deals damage or heals.
Protect,Normal,Status,10,,,Self,"Protects the user, but may fail if used consecutively."
Psych Up,Normal,Status,10,,,1,Copies the opponent's stat changes.
Quick Attack,Normal,Physical,30,4,1,2,User attacks first.
Rage,Normal,Physical,20,2,1,1,Raises user's Attack when hit.
Raging Bull,Normal,Physical,10,9,1,1,Type depends on the user’s form. Breaks through Reflect and Light Screen barriers.
Rapid Spin,Normal,Physical,40,5,1,1,Raises user's Speed and removes entry hazards and trap move effects.
Razor Wind,Normal,Special,10,8,1,Room,"Charges on first turn, attacks on second. High critical hit ratio."
Recover,Normal,Status,5,,,Self,User recovers half its max HP.
Recycle,Normal,Status,10,,,Self,User's used hold item is restored.
Reflect Type,Normal,Status,15,,,1,User becomes the target's type.
Refresh,Normal,Status,20,,,Allies,"Cures paralysis, poison, and burns."
Relic Song,Normal,Special,10,8,1,10,May put the target to sleep.
Retaliate,Normal,Physical,5,7,1,1,Inflicts double damage if a teammate fainted on the last turn.
Return,Normal,Physical,20,,1,1,Power increases with higher Friendship.
Revelation Dance,Normal,Special,15,9,1,1,Type changes based on Oricorio's form.
Revival Blessing,Normal,Status,1,,,1,Revives a fainted party Pokémon to half HP.
Roar,Normal,Status,20,,,1,"In battles, the opponent switches. In the wild, the Pokémon runs."
Rock Climb,Normal,Physical,20,9,.85,1,May confuse opponent.
Round,Normal,Special,15,6,1,1,Power increases if teammates use it in the same turn.
Safeguard,Normal,Status,25,,,Allies,The user's party is protected from status conditions.
Scary Face,Normal,Status,10,,1,1,Sharply lowers opponent's Speed.
Scratch,Normal,Physical,35,4,1,1,—
Screech,Normal,Status,40,,.85,1D,Sharply lowers opponent's Defense.
Secret Power,Normal,Physical,20,7,1,1,Effects of the attack vary with the location.
Self-Destruct,Normal,Physical,5,20,1,Burst,User faints.
Sharpen,Normal,Status,30,,,Self,Raises user's Attack.
Shed Tail,Normal,Status,10,,,Self,"Creates a substitute, then swaps places with a party Pokémon in waiting."
Shell Smash,Normal,Status,15,,,Self,"Sharply raises user's Attack, Special Attack and Speed but lowers Defense and Special Defense."
Simple Beam,Normal,Status,15,,1,10,Changes target's ability to Simple.
Sing,Normal,Status,15,,.55,1D,Puts opponent to sleep.
Sketch,Normal,Status,1,,,1,Permanently copies the opponent's last move.
Skull Bash,Normal,Physical,10,13,1,1,"Raises Defense on first turn, attacks on second."
Slack Off,Normal,Status,5,,,Self,User recovers half its max HP.
Slam,Normal,Physical,20,8,.75,1,—
Slash,Normal,Physical,20,7,1,1,High critical hit ratio.
Sleep Talk,Normal,Status,10,,,Self,User performs one of its own moves while sleeping.
Smelling Salts,Normal,Physical,10,7,1,1,"Power doubles if opponent is paralyzed, but cures it."
Smokescreen,Normal,Status,20,,1,1D,Lowers opponent's Accuracy.
Snore,Normal,Special,15,5,1,Burst,Can only be used if asleep. May cause flinching.
Soft-Boiled,Normal,Status,5,,,Allies,User recovers half its max HP.
Sonic Boom,Normal,Special,20,,.9,1D,Always inflicts 2— HP.
Spike Cannon,Normal,Physical,15,2,1,10,Hits 2-5 times in one turn.
Spit Up,Normal,Special,10,,1,1D,Power depends on how many times the user performed Stockpile.
Splash,Normal,Status,40,,,Self,Doesn't do ANYTHING.
Spotlight,Normal,Status,15,,,1,The user shines a spotlight on the target so that only the target will be attacked during the turn.
Stockpile,Normal,Status,20,,,Self,Stores energy for use with Spit Up and Swallow.
Stomp,Normal,Physical,20,7,1,1,May cause flinching.
Strength,Normal,Physical,15,8,1,1,—
Struggle,Normal,Physical,1,5,,1,Only usable when all PP are gone. Hurts the user.
Stuff Cheeks,Normal,Status,10,,,Self,"The user eats its held Berry, then sharply raises its Defense stat."
Substitute,Normal,Status,10,,,Self,Uses HP to creates a decoy that takes hits.
Super Fang,Normal,Physical,10,,.9,1,Always takes off half of the opponent's HP.
Supersonic,Normal,Status,20,,.55,1D,Confuses opponent.
Swagger,Normal,Status,15,,.85,1,"Confuses opponent, but sharply raises its Attack."
Swallow,Normal,Status,10,,,Self,"The more times the user has performed Stockpile, the more HP is recovered."
Sweet Scent,Normal,Status,20,,1,Room,Lowers opponent's Evasiveness.
Swift,Normal,Special,20,6,,1D,Ignores Accuracy and Evasiveness.
Swords Dance,Normal,Status,20,,,Self,Sharply raises user's Attack.
Tackle,Normal,Physical,35,4,1,1,—
Tail Slap,Normal,Physical,10,3,.85,1,Hits 2-5 times in one turn.
Tail Whip,Normal,Status,30,,1,1,Lowers opponent's Defense.
Take Down,Normal,Physical,20,9,.85,1,User receives recoil damage.
Tearful Look,Normal,Status,20,,,1,The user gets teary eyed to make the target lose its combative spirit. This lowers the target's Attack and Sp. Atk stats.
Teatime,Normal,Status,10,,,Room,Forces all Pokémon on the field to eat their berries.
Techno Blast,Normal,Special,5,12,1,10,Type depends on the Drive being held.
Teeter Dance,Normal,Status,20,,1,All Room,Confuses all Pokémon.
Tera Blast,Normal,Special,10,8,1,1,Changes type when the user has Terastallized.
Tera Starstorm,Normal,Special,5,12,1,Room,—
Terrain Pulse,Normal,Special,10,5,1,1,Type and power change depending on the Terrain in effect.
Thrash,Normal,Physical,10,12,1,1,User attacks for 2-3 turns but then becomes confused.
Tickle,Normal,Status,20,,1,1,Lowers opponent's Attack and Defense.
Tidy Up,Normal,Status,10,,,Room,"Removes the effects of entry hazards and Substitute, and boosts user’s Attack and Speed."
Transform,Normal,Status,10,,,2,User takes on the form and attacks of the opponent.
Tri Attack,Normal,Special,10,8,1,1D,"May paralyze, burn or freeze opponent."
Trump Card,Normal,Special,5,,,1,"The lower the PP, the higher the power."
Uproar,Normal,Special,10,9,1,Room,User attacks for 3 turns and prevents sleep.
Vise Grip,Normal,Physical,30,6,1,1,—
Weather Ball,Normal,Special,10,5,1,10,Move's power and type changes with the weather.
Whirlwind,Normal,Status,20,,,1,"In battles, the opponent switches. In the wild, the Pokémon runs."
Wish,Normal,Status,10,,,Self,The user recovers HP in the following turn.
Work Up,Normal,Status,30,,,Self,Raises user's Attack and Special Attack.
Wrap,Normal,Physical,20,2,.9,1,"Traps opponent, damaging them for 4-5 turns."
Wring Out,Normal,Special,5,,1,1,"The higher the opponent's HP, the higher the damage."
Yawn,Normal,Status,10,,,1,Puts opponent to sleep in the next turn.
Acid,Poison,Special,30,4,1,1D,May lower opponent's Special Defense.
Acid Armor,Poison,Status,20,,,Self,Sharply raises user's Defense.
Acid Spray,Poison,Special,20,4,1,1D,Sharply lowers opponent's Special Defense.
Baneful Bunker,Poison,Status,10,,,Self,Protects the user and poisons opponent on contact.
Barb Barrage,Poison,Physical,10,6,1,2D,May poison opponent; inflicts double damage if the target is already poisoned.
Belch,Poison,Special,10,12,.9,1D,User must have consumed a Berry.
Clear Smog,Poison,Special,15,5,,1,Removes all of the target's stat changes.
Coil,Poison,Status,20,,,Self,"Raises user's Attack, Defense and Accuracy."
Corrosive Gas,Poison,Status,40,,1,1,Removes opponent's items.
Cross Poison,Poison,Physical,20,7,1,1,High critical hit ratio. May poison opponent.
Dire Claw,Poison,Physical,15,8,1,1,"May poison, paralyze or put the opponent to sleep."
Gastro Acid,Poison,Status,10,,1,1D,Cancels out the effect of the opponent's Ability.
Gunk Shot,Poison,Physical,5,12,.8,10,May poison opponent.
Malignant Chain,Poison,Special,5,10,1,1,May poison the opponent.
Mortal Spin,Poison,Physical,15,3,1,1,"Removes entry hazards and trap move effects, and poisons opposing Pokémon."
Noxious Torque,Poison,Physical,10,10,1,1,May poison the opponent.
Poison Fang,Poison,Physical,15,5,1,1,May badly poison opponent.
Poison Gas,Poison,Status,40,,.9,1,Poisons opponent.
Poison Jab,Poison,Physical,20,8,1,1,May poison the opponent.
Poison Powder,Poison,Status,35,,.75,1,Poisons opponent.
Poison Sting,Poison,Physical,35,2,1,1D,May poison the opponent.
Poison Tail,Poison,Physical,25,5,1,1,High critical hit ratio. May poison opponent.
Purify,Poison,Status,20,,,Burst,"The user heals the target's status condition. If the move succeeds, it also restores the user's own HP."
Shell Side Arm,Poison,Special,10,9,1,10,"May poison opponent. Inflicts either Special or Physical damage, whichever is better."
Sludge,Poison,Special,20,7,1,1D,May poison opponent.
Sludge Bomb,Poison,Special,10,9,1,10,May poison opponent.
Sludge Wave,Poison,Special,10,10,1,Burst,May poison opponent.
Smog,Poison,Special,20,3,.7,1,May poison opponent.
Toxic,Poison,Status,10,,.9,1,Badly poisons opponent.
Toxic Spikes,Poison,Status,20,,,5A,Poisons opponents switching into battle.
Toxic Thread,Poison,Status,20,,1,10,Poisons opponent and lowers its Speed.
Venom Drench,Poison,Status,20,,1,10,Lowers poisoned opponent's Special Attack and Speed.
Venoshock,Poison,Special,10,7,1,1,Inflicts double damage if the target is poisoned.
Agility,Psychic,Status,30,,,Allies,Sharply raises user's Speed.
Ally Switch,Psychic,Status,15,,,Self,User switches with opposite teammate.
Amnesia,Psychic,Status,20,,,Self,Sharply raises user's Special Defense.
Barrier,Psychic,Status,20,,,Self,Sharply raises user's Defense.
Calm Mind,Psychic,Status,20,,,Self,Raises user's Special Attack and Special Defense.
Confusion,Psychic,Special,25,5,1,1,May confuse opponent.
Cosmic Power,Psychic,Status,20,,,1,Raises user's Defense and Special Defense.
Dream Eater,Psychic,Special,15,10,1,1,User recovers half the HP inflicted on a sleeping opponent.
Eerie Spell,Psychic,Special,5,8,1,1,Deals damage and reduces opponent's PP.
Esper Wing,Psychic,Special,10,8,1,1,High critical hit ratio. Raises user's Speed.
Expanding Force,Psychic,Special,10,8,1,Room,Increases power and hits all opponents on Psychic Terrain.
Extrasensory,Psychic,Special,20,8,1,1,May cause flinching.
Freezing Glare,Psychic,Special,10,9,1,1,May freeze opponent.
Future Sight,Psychic,Special,10,12,1,1,Damage occurs 2 turns later.
Gravity,Psychic,Status,5,,,Floor,Prevents moves like Fly and Bounce and the Ability Levitate for 5 turns.
Guard Split,Psychic,Status,10,,,1D,Averages Defense and Special Defense with the target.
Guard Swap,Psychic,Status,10,,,1D,User and opponent swap Defense and Special Defense.
Heal Block,Psychic,Status,15,,1,Room,Prevents the opponent from restoring HP for 5 turns.
Heal Pulse,Psychic,Status,10,,,10,Restores half the target's max HP.
Healing Wish,Psychic,Status,10,,,Allies,The user faints and the next Pokémon released is fully healed.
Heart Stamp,Psychic,Physical,25,6,1,1,May cause flinching.
Heart Swap,Psychic,Status,10,,,1D,Stat changes are swapped with the opponent.
Hyperspace Hole,Psychic,Special,5,8,,10,Can strike through Protect/Detect.
Hypnosis,Psychic,Status,20,,.6,1,Puts opponent to sleep.
Imprison,Psychic,Status,10,,,Floor,Opponent is unable to use moves that the user also knows.
Instruct,Psychic,Status,15,,,Self,Allows an ally to use a move instead.
Kinesis,Psychic,Status,15,,.8,1,Lowers opponent's Accuracy.
Light Screen,Psychic,Status,30,,,Allies,Halves damage from Special attacks for 5 turns.
Lumina Crash,Psychic,Special,10,8,1,1,Harshly lowers target’s Special Defense.
Lunar Blessing,Psychic,Status,5,,,Self,Heals user's status conditions and recovers HP.
Lunar Dance,Psychic,Status,10,,,Allies,The user faints but the next Pokémon released is fully healed.
Luster Purge,Psychic,Special,5,7,1,Burst,May lower opponent's Special Defense.
Magic Coat,Psychic,Status,15,,,Allies,Reflects moves that cause status conditions back to the attacker.
Magic Powder,Psychic,Status,20,,1,Burst,Changes target's type to Psychic.
Magic Room,Psychic,Status,10,,,Floor,Suppresses the effects of held items for five turns.
Meditate,Psychic,Status,40,,,Self,Raises user's Attack.
Miracle Eye,Psychic,Status,40,,,1,"Resets opponent's Evasiveness, removes Dark's Psychic immunity."
Mirror Coat,Psychic,Special,20,,1,Self,"When hit by a Special Attack, user strikes back with 2x power."
Mist Ball,Psychic,Special,5,7,1,10,May lower opponent's Special Attack.
Mystical Power,Psychic,Special,10,7,.9,1,Raises user's Special Attack.
Photon Geyser,Psychic,Special,5,10,1,2,"Uses Attack or Special Attack stat, whichever is higher."
Power Split,Psychic,Status,10,,,1D,Averages Attack and Special Attack with the target.
Power Swap,Psychic,Status,10,,,1D,User and opponent swap Attack and Special Attack.
Power Trick,Psychic,Status,10,,,Self,User's own Attack and Defense switch.
Prismatic Laser,Psychic,Special,10,16,1,10P,The user shoots powerful lasers using the power of a prism. The user can't move on the next turn.
Psybeam,Psychic,Special,20,7,1,10,May confuse opponent.
Psyblade,Psychic,Physical,15,8,1,1,Power increases on Electric Terrain.
Psychic,Psychic,Special,10,9,1,1,May lower opponent's Special Defense.
Psychic Fangs,Psychic,Physical,10,9,1,1,The user bites the target with its psychic capabilities. This can also destroy Light Screen and Reflect.
Psychic Noise,Psychic,Special,10,8,1,1D,Deals damage and prevents target from healing.
Psychic Terrain,Psychic,Status,10,,,Floor,Prevents priority moves from being used for 5 turns.
Psycho Boost,Psychic,Special,5,14,.9,10,Sharply lowers user's Special Attack.
Psycho Cut,Psychic,Physical,20,7,1,1D,High critical hit ratio.
Psycho Shift,Psychic,Status,10,,1,1,Transfers user's status condition to the opponent.
Psyshield Bash,Psychic,Physical,10,7,.9,1,Raises user's Defense and Special Defense.
Psyshock,Psychic,Special,10,8,1,1,"Inflicts damage based on the target's Defense, not Special Defense."
Psystrike,Psychic,Special,10,10,1,1,"Inflicts damage based on the target's Defense, not Special Defense."
Psywave,Psychic,Special,15,,1,1D,Inflicts damage 5—-15—% of user's level.
Reflect,Psychic,Status,20,,,Allies,Halves damage from Physical attacks for 5 turns.
Rest,Psychic,Status,5,,,Self,"User sleeps for 2 turns, but user is fully healed."
Role Play,Psychic,Status,10,,,1,User copies the opponent's Ability.
Skill Swap,Psychic,Status,10,,,1D,The user swaps Abilities with the opponent.
Speed Swap,Psychic,Status,10,,,1,The user exchanges Speed stats with the target.
Stored Power,Psychic,Special,10,2,1,1,Power increases when user's stats have been raised.
Synchronoise,Psychic,Special,10,12,1,Burst,Hits any Pokémon that shares a type with the user.
Take Heart,Psychic,Status,15,,,Self,Heals user's status conditions and raises its stats.
Telekinesis,Psychic,Status,15,,,1,"Ignores opponent's Evasiveness for three turns, add Ground immunity."
Teleport,Psychic,Status,20,,,Self,Allows user to flee wild battles; also warps player to last PokéCenter.
Trick,Psychic,Status,10,,1,1,Swaps held items with the opponent.
Trick Room,Psychic,Status,5,,,Floor,Slower Pokémon move first in the turn for 5 turns.
Twin Beam,Psychic,Special,10,4,1,10,Hits twice in one turn.
Wonder Room,Psychic,Status,10,,,Floor,Swaps every Pokémon's Defense and Special Defense for 5 turns.
Zen Headbutt,Psychic,Physical,15,8,.9,1,May cause flinching.
Accelerock,Rock,Physical,20,4,1,2,User attacks first.
Ancient Power,Rock,Special,5,6,1,1D,May raise all user's stats at once.
Diamond Storm,Rock,Physical,5,10,.95,Burst,May sharply raise user's Defense.
Head Smash,Rock,Physical,5,15,.8,1,User receives recoil damage.
Meteor Beam,Rock,Special,10,12,.9,10,"User gathers space power and boosts its Sp. Atk stat, then attacks the target on the next turn."
Mighty Cleave,Rock,Physical,5,10,1,1,—
Power Gem,Rock,Special,20,8,1,1D,—
Rock Blast,Rock,Physical,10,3,.9,1D,Hits 2-5 times in one turn.
Rock Polish,Rock,Status,20,,,Self,Sharply raises user's Speed.
Rock Slide,Rock,Physical,10,8,.9,1,May cause flinching.
Rock Throw,Rock,Physical,15,5,.9,1,—
Rock Tomb,Rock,Physical,15,6,.95,1,Lowers opponent's Speed.
Rock Wrecker,Rock,Physical,5,15,.9,10,User must recharge next turn.
Rollout,Rock,Physical,20,3,.9,1,Doubles in power each turn for 5 turns.
Salt Cure,Rock,Physical,15,4,1,1,Deals damage each turn; Steel and Water types are more affected.
Sandstorm,Rock,Status,10,,,Floor,Creates a sandstorm for 5 turns.
Smack Down,Rock,Physical,15,5,1,1,Makes Flying-type Pokémon vulnerable to Ground moves.
Stealth Rock,Rock,Status,20,,,5A,Damages opponents switching into battle.
Stone Axe,Rock,Physical,15,7,.9,1,Sets up Stealth Rock.
Stone Edge,Rock,Physical,5,10,.8,1,High critical hit ratio.
Tar Shot,Rock,Status,15,,1,10,Lowers the opponent's Speed and makes them weaker to Fire-type moves.
Wide Guard,Rock,Status,10,,,Allies,Protects the user's team from multi-target attacks.
Anchor Shot,Steel,Physical,20,8,1,2D,The user entangles the target with its anchor chain while attacking. The target becomes unable to flee.
Autotomize,Steel,Status,15,,,Self,Reduces weight and sharply raises Speed.
Behemoth Bash,Steel,Physical,5,10,1,1,Damage doubles if target is Dynamaxed.
Behemoth Blade,Steel,Physical,5,10,1,1,Damage doubles if target is Dynamaxed.
Bullet Punch,Steel,Physical,30,4,1,2,User attacks first.
Doom Desire,Steel,Special,5,14,1,Room,Damage occurs 2 turns later.
Double Iron Bash,Steel,Physical,5,6,1,1,Hits twice in one turn; may cause flinching.
Flash Cannon,Steel,Special,10,8,1,1,May lower opponent's Special Defense.
Gear Grind,Steel,Physical,15,5,.85,1,Hits twice in one turn.
Gear Up,Steel,Status,20,,,Self,The user engages its gears to raise the Attack and Sp. Atk stats of ally Pokémon with the Plus or Minus Ability.
Gigaton Hammer,Steel,Physical,5,16,1,1,Cannot be used twice in a row.
Gyro Ball,Steel,Physical,5,,1,1,"The slower the user, the stronger the attack."
Hard Press,Steel,Physical,10,,1,1,—
Heavy Slam,Steel,Physical,10,,1,1,"The heavier the user, the stronger the attack."
Iron Defense,Steel,Status,15,,,Self,Sharply raises user's Defense.
Iron Head,Steel,Physical,15,8,1,1,May cause flinching.
Iron Tail,Steel,Physical,15,10,.75,1,May lower opponent's Defense.
King's Shield,Steel,Status,10,,,Self,Protects the user and lowers opponent's Attack on contact.
Magnet Bomb,Steel,Physical,20,6,,1,Ignores Accuracy and Evasiveness.
Make It Rain,Steel,Special,5,12,1,1,Lowers user's Special Attack. Money is earned after the battle.
Metal Burst,Steel,Physical,10,,1,Self,Deals damage equal to 1.5x opponent's attack.
Metal Claw,Steel,Physical,35,5,.95,1,May raise user's Attack.
Metal Sound,Steel,Status,40,,.85,1D,Sharply lowers opponent's Special Defense.
Meteor Mash,Steel,Physical,10,9,.9,1,May raise user's Attack.
Mirror Shot,Steel,Special,10,7,.85,1D,May lower opponent's Accuracy.
Shelter,Steel,Status,10,,,Self,Raises user's Defense.
Shift Gear,Steel,Status,10,,,Self,Raises user's Attack and sharply raises Speed.
Smart Strike,Steel,Physical,10,7,,1D,The user stabs the target with a sharp horn. This attack never misses.
Spin Out,Steel,Physical,5,10,1,Burst,Harshly lowers user’s Speed.
Steel Beam,Steel,Special,5,14,.95,10,User loses 50% of its HP.
Steel Roller,Steel,Physical,5,13,1,1,Fails if no Terrain in effect.
Steel Wing,Steel,Physical,25,7,.9,1,May raise user's Defense.
Sunsteel Strike,Steel,Physical,5,10,1,2,Ignores the target's ability.
Tachyon Cutter,Steel,Special,10,5,,1,Guaranteed to hit twice in a row.
Aqua Cutter,Water,Physical,20,7,1,10,High critical hit ratio.
Aqua Jet,Water,Physical,20,4,1,2,User attacks first.
Aqua Ring,Water,Status,20,,,Self,Restores a little HP each turn.
Aqua Step,Water,Physical,10,8,1,1,Raises user's Speed.
Aqua Tail,Water,Physical,10,9,.9,1,—
Brine,Water,Special,10,7,1,1,Power doubles if opponent's HP is less than 5—%.
Bubble,Water,Special,30,4,1,10,May lower opponent's Speed.
Bubble Beam,Water,Special,20,7,1,10,May lower opponent's Speed.
Chilling Water,Water,Special,20,5,1,1,Lowers opponent's Attack.
Clamp,Water,Physical,15,4,.85,1,"Traps opponent, damaging them for 4-5 turns."
Crabhammer,Water,Physical,10,10,.9,1,High critical hit ratio.
Dive,Water,Physical,10,8,1,1,"Dives underwater on first turn, attacks on second turn."
Fishious Rend,Water,Physical,10,9,1,1,"If the user attacks before the target, the power of this move is doubled."
Flip Turn,Water,Physical,20,6,1,2,"After making its attack, the user rushes back to switch places with a party Pokémon in waiting."
Hydro Cannon,Water,Special,5,15,.9,10P,User must recharge next turn.
Hydro Pump,Water,Special,5,11,.8,10P,—
Hydro Steam,Water,Special,15,8,1,1,Power increases in harsh sunlight.
Jet Punch,Water,Physical,15,6,1,2,Always goes first.
Life Dew,Water,Status,10,,,Allies,User and teammates recover HP.
Liquidation,Water,Physical,10,9,1,10,May lower opponent's Defense.
Muddy Water,Water,Special,10,9,.85,All Room,May lower opponent's Accuracy.
Octazooka,Water,Special,10,7,.85,10,May lower opponent's Accuracy.
Origin Pulse,Water,Special,10,11,.85,Burst,Hits all adjacent opponents.
Rain Dance,Water,Status,5,,,Floor,Makes it rain for 5 turns.
Razor Shell,Water,Physical,10,8,.95,1,May lower opponent's Defense.
Scald,Water,Special,15,8,1,1D,May burn opponent.
Snipe Shot,Water,Special,15,8,1,10,Ignores moves and abilities that draw in moves. High critical hit ratio.
Soak,Water,Status,20,,1,1,Changes the target's type to water.
Sparkling Aria,Water,Special,10,9,1,2D,Heals the burns of its target.
Steam Eruption,Water,Special,5,11,.95,1,May burn opponent.
Surf,Water,Special,15,9,1,All Room,Hits all adjacent Pokémon.
Surging Strikes,Water,Physical,5,3,1,1,Always results in a critical hit and ignores stat changes.
Triple Dive,Water,Physical,10,3,.95,1,Hits 3 times in a row.
Water Gun,Water,Special,25,4,1,2D,—
Water Pledge,Water,Special,10,8,1,1,Added effects appear if preceded by Fire Pledge or succeeded by Grass Pledge.
Water Pulse,Water,Special,20,6,1,10,May confuse opponent.
Water Shuriken,Water,Special,20,2,1,2D,Hits 2-5 times in one turn.
Water Sport,Water,Status,15,,,Floor,Weakens the power of Fire-type moves.
Water Spout,Water,Special,5,15,1,Burst,"The higher the user's HP, the higher the damage caused."
Waterfall,Water,Physical,15,8,1,1,May cause flinching.
Wave Crash,Water,Physical,10,12,1,1D,User receives recoil damage.
Whirlpool,Water,Special,15,4,.85,1,"Traps opponent, damaging them for 4-5 turns."
Withdraw,Water,Status,40,,,Self,Raises user's Defense.